angry;disgusted;fear;happy;sad;surprise
5.2790976;-2.8283193;8.434676;0.83940333;1.6247877;1.6098984
